{"cameraMode":{"drawMode":0,"name":"Shaded","section":"Shading Mode"},"sceneLighting":true,"audioPlay":false,"sceneViewState":{"showFog":true,"showMaterialUpdate":false,"showSkybox":true,"showFlares":true,"showImageEffects":true,"showParticleSystems":true,"showVisualEffectGraphs":true,"m_FxEnabled":true},"in2DMode":false,"pivot":{"x":-0.7497984170913696,"y":2.142930030822754,"z":-6.559574127197266},"rotation":{"x":-0.22340089082717896,"y":-0.008190014399588108,"z":0.0018773699412122369,"w":-0.9746944308280945},"size":13.02712345123291,"orthographic":false}