{"cameraMode":{"drawMode":0,"name":"Shaded","section":"Shading Mode"},"sceneLighting":true,"audioPlay":false,"sceneViewState":{"showFog":true,"showMaterialUpdate":false,"showSkybox":true,"showFlares":true,"showImageEffects":true,"showParticleSystems":true,"showVisualEffectGraphs":true,"m_FxEnabled":true},"in2DMode":false,"pivot":{"x":7.5808563232421879,"y":-0.8011698722839356,"z":-1.2806320190429688},"rotation":{"x":0.08286762982606888,"y":-0.31006208062171938,"z":0.027140576392412187,"w":0.946710467338562},"size":12.12435531616211,"orthographic":false}