{"cameraMode":{"drawMode":0,"name":"Shaded","section":"Shading Mode"},"sceneLighting":true,"audioPlay":false,"sceneViewState":{"showFog":true,"showMaterialUpdate":false,"showSkybox":true,"showFlares":true,"showImageEffects":true,"showParticleSystems":true,"showVisualEffectGraphs":true,"m_FxEnabled":true},"in2DMode":false,"pivot":{"x":-0.44262975454330447,"y":-1.1966660022735596,"z":-1.399167537689209},"rotation":{"x":-0.15269167721271516,"y":0.015414546243846417,"z":-0.0023814986925572159,"w":-0.9881551265716553},"size":6.523615837097168,"orthographic":false}