{"cameraMode":{"drawMode":0,"name":"Shaded","section":"Shading Mode"},"sceneLighting":true,"audioPlay":false,"sceneViewState":{"showFog":true,"showMaterialUpdate":false,"showSkybox":true,"showFlares":true,"showImageEffects":true,"showParticleSystems":true,"showVisualEffectGraphs":true,"m_FxEnabled":true},"in2DMode":false,"pivot":{"x":2.657337188720703,"y":3.348078489303589,"z":-0.5545282363891602},"rotation":{"x":-0.0025912069249898197,"y":-0.9906808733940125,"z":0.13487102091312409,"w":-0.01903137005865574},"size":2.666025161743164,"orthographic":false}